DISTRICT_CODE,DISTRICT_NAME,OS_P_200304,OS_P_200405,OS_P_200506,OS_P_200607,OS_P_200708,OS_P_200809,OS_P_200910,OS_P_201011,OS_P_201112,OS_P_201213,OS_P_201314,PT_P_200304,PT_P_200405,PT_P_200506,PT_P_200607,PT_P_200708,PT_P_200809,PT_P_200910,PT_P_201011,PT_P_201112,PT_P_201213,PT_P_201314,TB_P_200304,TB_P_200405,TB_P_200506,TB_P_200607,TB_P_200708,TB_P_200809,TB_P_200910,TB_P_201011,TB_P_201112,TB_P_201213,TB_P_201314,SC_P_200304,SC_P_200405,SC_P_200506,SC_P_200607,SC_P_200708,SC_P_200809,SC_P_200910,SC_P_201011,SC_P_201112,SC_P_201213,SC_P_201314,dbID_1,OS_A_200304,OS_A_200405,OS_A_200506,OS_A_200607,OS_A_200708,OS_A_200809,OS_A_200910,OS_A_201011,OS_A_201112,OS_A_201213,OS_A_201314,PT_A_200304,PT_A_200405,PT_A_200506,PT_A_200607,PT_A_200708,PT_A_200809,PT_A_200910,PT_A_201011,PT_A_201112,PT_A_201213,PT_A_201314,TB_A_200304,TB_A_200405,TB_A_200506,TB_A_200607,TB_A_200708,TB_A_200809,TB_A_200910,TB_A_201011,TB_A_201112,TB_A_201213,TB_A_201314,SC_A_200304,SC_A_200405,SC_A_200506,SC_A_200607,SC_A_200708,SC_A_200809,SC_A_200910,SC_A_201011,SC_A_201112,SC_A_201213,SC_A_201314,dbID_12,dbName_12,OS_Y_200304,OS_Y_200405,OS_Y_200506,OS_Y_200607,OS_Y_200708,OS_Y_200809,OS_Y_200910,OS_Y_201011,OS_Y_201112,OS_Y_201213,OS_Y_201314,PT_Y_200304,PT_Y_200405,PT_Y_200506,PT_Y_200607,PT_Y_200708,PT_Y_200809,PT_Y_200910,PT_Y_201011,PT_Y_201112,PT_Y_201213,PT_Y_201314,TB_Y_200304,TB_Y_200405,TB_Y_200506,TB_Y_200607,TB_Y_200708,TB_Y_200809,TB_Y_200910,TB_Y_201011,TB_Y_201112,TB_Y_201213,TB_Y_201314,SC_Y_200304,SC_Y_200405,SC_Y_200506,SC_Y_200607,SC_Y_200708,SC_Y_200809,SC_Y_200910,SC_Y_201011,SC_Y_201112,SC_Y_201213,SC_Y_201314
1,Taplejung,500,427,415,490,410,390,452,452,627,607,627,37250,41047.65,41205,41200,41200,41406,41426,41426,42437,44623,44603,0,0,0,0,0,0,0,0,0,0,0,0,0,0,0,0,0,0,59,0,0,0,1,502,500,332,490,502,502,502,502,564,564,564,3750,3735,3615,3615,3615,3633,3615,3615,3615,3690,3690,0,0,0,0,0,0,0,0,0,0,0,0,0,0,0,0,0,0,7,0,0,0,1,Taplejung,996.02,854,1250,976.1,816.73,776.89,900.4,900.4,1111.7,1076,1111.7,9933.33,10990,11398.34,11396.96,11396.96,11397.19,11459.47,11459.47,11739.14,12092.95,12087.53,0,0,0,0,0,0,0,0,0,0,0,0,0,0,0,0,0,0,8428.57,0,0,0
2,Panchthar,303,374,374,378,378,420,420,515,512,616,549.7,50297,54820.5,54820.5,55100,55100,55097,56456.4,56456,56456,24951.6,26012.9,0,0,0,0,0,0,0,0,0,0,0,3082,0,0,0,0,0,0,1260,1197,1162,1161.8,2,405,500,500,378,505,560,560,620,622,700,670,4665,4767,4767,4792,4792,4816,4935,4935,1830,1927,1963,0,0,0,0,0,0,0,0,0,0,0,66,0,0,0,0,0,0,40,38,37,37,2,Panchthar,748.15,748,748,748.51,748.51,750,750,830.65,823.15,880,820.45,10781.78,11500,11500,11498.33,11498.33,11440.41,11440,11439.92,13179.78,12948.42,13251.6,0,0,0,0,0,0,0,0,0,0,0,46696.97,0,0,0,0,0,0,31500,31500,31405.41,31400
3,Ilam,530,600,600,682,636,636,750,780,700,780,858,60680,64612,64612,53910,53910,87280,87280,87280,90950,91749,91749,0,0,0,0,0,0,0,0,0,0,0,460,0,0,170,470,470,470,490,490,500,390,3,650,650,650,682,775,775,780,780,780,780,858,5600,4751,4751,5043,5043,6800,6800,6700,6815,6815,6815,0,0,0,0,0,0,0,0,0,0,0,10,0,0,13,13,13,13,13,13,13,13,3,Ilam,815.38,923.08,923.08,909.33,820.65,820.65,961.54,1000,897.44,1000,1000,10835.71,13599.66,13599.66,10690.07,10690.07,12835.29,12835.29,13026.87,13345.56,13462.8,13462.8,0,0,0,0,0,0,0,0,0,0,0,46000,0,0,13076.92,36153.85,36153.85,36153.85,37692.31,37692.31,38461.54,30000
4,Jhapa,3087,2979,1800,2800,2800,2750,2750,3450,3852.4,3156,4228,90170,108000,147025,148050,148050,216000,155250,125000,163820,198100,213295,350,12,12,9,9,9,8.78,3,2,2,1.02,2825,2907,5200,4550,3920,3920,3920,5460,6500,5824,5600,4,3087,3090,4000,2800,3250,3250,3250,3450,3500,3297,3475,7100,8000,10150,10500,10500,12600,11500,9100,10140,10150,14710,400,15,15,12,12,12,11.63,4,3,3,1.7,113,114,200,130,140,140,140,195,205,208,200,4,Jhapa,1000,964.08,450,777.78,861.54,846.15,846.15,1000,1100.69,957.23,1216.69,12700,13500,14485.22,14100,14100,17142.86,13500,13736.26,16155.82,19517.24,14500,875,800,800,750,750,750,755.42,750,0,666.67,600,25000,25500,26000,35000,28000,28000,28000,28000,28000,28000,28000
5,Sankhuwasabha,450,450,402,540,540,574,580,515,540,376,461.25,28900,28900,33900,33020,33020,33186,31712,33500,39228,37089,39367,0,0,0,0,0,0,0,0,0,0,0,950,600,600,395,650,650,650,490,2100,2100,0,5,625,625,575,540,675,675,695,635,635,440,540,3055,3055,3055,3070,3070,3085,3075,3075,3147,3092,3130,0,0,0,0,0,0,0,0,0,0,0,95,80,80,70,70,70,70,70,70,70,0,5,Sankhuwasabha,720,720,699.13,800,800,850.37,834.53,811.02,850.39,854.55,854.17,9459.9,9459.9,11096.56,10755.7,10755.7,10757.21,10312.85,10894.31,12465.2,11995.15,12577.32,0,0,0,0,0,0,0,0,0,0,0,10000,7500,7500,5642.86,9285.71,9285.71,9285.71,7000,7000,30000,0
6,Bhojpur,349,204,270,221,221,221,186.9,159,187,402,219,24080,26142,27150,30120,30650,30648,32100,33100,33100,30075,36755,0,0,0,0,0,0,0,9,0,0,12,0,0,0,0,0,0,0,126,0,0,80,6,356,227,348,221,276,276,267,227,267,317,283,2361,2561,2561,2510,2850,2864,3000,3000,5025,3300,3200,0,0,0,0,0,0,0,12,0,0,14,0,0,0,0,0,0,0,15,0,0,0,6,Bhojpur,980.34,898.68,775.86,800.72,800.72,800.72,700,700.44,700.37,1268.14,773.85,10199.07,10207.73,10601.33,12000,10754.39,10701.12,10700,11033.33,11439.8,9113.64,11485.94,0,0,0,0,0,0,0,750,0,0,857.14,0,0,0,0,0,0,0,8400,0,0,#VALUE!
7,Dhankuta,963,960,405,805,805,740,813,661,631.9,661,627.5,20515,22719,32719,27760,27760,32475,33412,33412,36460,33995,33640,0,0,0,0,0,0,0,0,0,0,0,240,260,840,800,800,800,800,800,800,800,880,7,1070,1070,1074,805,1074,948,1050,1035,1062,1057,1000,1790,1983,1983,1983,1983,2010,2025,2025,2048,2053,2050,0,0,0,0,0,0,0,0,0,0,0,12,13,42,41,41,41,41,40,40,40,45,7,Dhankuta,900,897.2,377.09,749.53,749.53,780.59,774.29,638.65,595.01,625.35,627.5,11460.89,11456.88,16499.75,13998.99,13998.99,16156.72,16499.75,16499.75,17802.73,16558.69,16409.76,0,0,0,0,0,0,0,0,0,0,0,20000,20000,20000,19512.2,19512.2,19512.2,19512.2,20000,20000,20000,19556
8,Tehrathum,136,250,250,175,175,240,240,280,296.1,410,296,22900,22928.4,23900,28600,32160,27308.8,27308.8,27309,30880,33062.5,33695,0,0,0,0,0,0,0,0,0,0,0,0,0,0,0,0,0,0,0,0,120,300,8,275,280,280,175,290,325,325,440,450,455,450,2291,2316,2316,2400,2665,2720,2720,2725,2780,2835,2880,0,0,0,0,0,0,0,0,0,0,0,0,0,0,0,0,0,0,0,0,3,12,8,Tehrathum,494.55,892.86,892.86,603.45,603.45,738.46,738.46,636.36,658,901.1,657.78,9995.64,9900,10319.52,11916.67,12067.54,10040,10040,10021.65,11107.91,11662.26,11699.65,0,0,0,0,0,0,0,0,0,0,0,0,0,0,0,0,0,0,0,0,40000,25000
9,Morang,3180,3892,6407,6600,5136,5136,5136,13425,12470,10203,11223,60701,63750,75092,59890,59890,62310,62205,68700,68700,86250,59850,60,60,60,60,60,60,58.56,0,0,0,0,67620,67830,69275,77280,83880,83880,83880,133980,141900,149500,162400,9,5870,6965,6965,6600,7360,7360,7360,13220,13250,11410,12375,5101,5100,5310,5300,5300,5406,5670,5670,5750,5750,5700,70,70,70,70,70,70,67.83,0,0,0,0,1610,1615,1630,1840,1855,1855,1855,2030,2150,2250,2320,9,Morang,541.74,558.79,919.89,926.32,697.83,697.83,697.83,1015.51,941.13,894.22,906.91,11899.82,12500,14141.62,11300,11300,11526.08,10970.9,12116.4,1917.39,15000,10500,857.14,857.14,857.14,857.14,857.14,857.14,863.33,0,0,0,0,42000,42000,42500,42000,45218.33,45218.33,45218.33,66000,66000,66444.44,70000
10,Sunsari,1400,5000,5000,4400,4440,4440,7013,7141,6762,6445,6757.77,42500,50750,50750,51100,53360,40673,40673,40673,33860,36610,58500,90,90,90,90,90,90,87.84,77,69,45,45,101500,140000,140000,135000,135000,135000,168000,175455,185130,190540,187182,10,4000,5500,5500,4400,5550,5550,8500,8510,8487,8489,8624.96,3000,3500,3500,3650,3680,2750,2750,2750,2510,2820,4500,100,100,100,100,100,100,96.9,86,76,76,50,1850,2500,2500,2500,2500,2500,3000,3150,3300,3350,3365,10,Sunsari,350,909.09,909.09,800,800,800,825.06,839.13,796.75,759.22,783.51,14166.67,14500,14500,14000,14500,14790.18,14790.18,14790.18,13490.04,12982.27,13000,900,900,900,900,900,900,906.5,895.35,0,592.11,900,54864.86,56000,56000,54000,54000,54000,56000,55700,55700,56877.61,55626
11,Solukhumbu,78,80,220,220,220,220,88.4,105,107.57,108,107.75,30300,30300,40500,40500,40500,151639.5,149681,149681,153723,153724,153747,0,0,0,0,0,0,0,0,0,0,0,0,0,0,0,0,0,0,5,0,0,0,11,106,100,315,220,315,315,221,175,177.3,178,177.5,3855,3855,3855,3855,3855,10138,10141,10100,10143,10143,10144,0,0,0,0,0,0,0,0,0,0,0,0,0,0,0,0,0,0,2,0,0,0,11,Solukhumbu,735.85,800,698.41,698.41,698.41,698.41,400,600,606.71,606.74,607.04,7859.92,7859.92,10505.84,10505.84,10505.84,14957.54,14759.98,14819.9,15155.58,15155.67,15156.45,0,0,0,0,0,0,0,0,0,0,0,0,0,0,0,0,0,0,2500,0,0,0
12,Okhaldhunga,220,340,388,348,348,250,250,249,255,308,284.3,20045,34562,33370,33370,33370,33369,31237.5,31238,31164,31164,37336,0,0,0,0,0,0,0,15,14,7,13,0,41,40,40,40,40,40,40,40,43,43,12,350,425,485,348,435,476,476,499,511,526,559,2655,2765,2790,2795,2795,2809,2905,2905,2940,2940,3340,0,0,0,0,0,0,0,12,12,14,31,0,5,5,5,5,5,5,5,5,5,5,12,Okhaldhunga,628.57,800,800,800,800,525.21,525.21,499,499.02,585.55,508.59,7549.91,12499.82,11960.57,11939.18,11939.18,11879.32,10753.01,10753.18,10600,10600,11178.44,0,0,0,0,0,0,0,1250,0,500,419.35,0,0,0,0,0,0,8000,8000,8000,8600,8600
13,Khotang,570,888,740,620,620,620,743,731,1987.5,2025,2110.2,14500,21420,22500,22020,22020,54000,89750,89850,70750,54750,69600,0,0,0,0,0,0,0,0,12,8,16.5,0,108,144,144,144,144,144,116,227,227,227,13,875,900,1000,620,850,850,1050,1100,2201,2212,2312,1630,1700,1750,1820,1820,5400,5800,5800,6000,6000,6250,0,0,0,0,0,0,0,0,11,15,15,0,6,8,8,8,8,8,12,13,13,13,13,Khotang,651.43,986.67,740,729.41,729.41,729.41,707.62,664.55,903,915.46,912.72,8895.71,12600,12857.14,12098.9,12098.9,10000,15474.14,15491.38,11791.67,9125,11136,0,0,0,0,0,0,0,0,0,533.33,1100,0,0,0,0,0,0,18000,9666.67,17461.54,17461.54,17462
14,Udayapur,3655,4258,4258,3561,3640,3640,2996,3321,3565,3656,3881.03,6781,5508,7500,7740,7175,7175,7546,8500,10792,8233,8364,0,13,13,11,11,11,10.74,9.1,12,6,65,224,224,224,224,224,224,224,224,0,0,32.64,14,4948,5082,5082,3561,5092,5092,5100,5109,5157,5169,5181,692,540,640,705,720,724,760,765,862,740,750,0,15,15,14,14,14,13.57,13,13,10,10,14,14,14,14,14,14,14,14,0,0,10.2,14,Udayapur,738.68,837.86,837.86,720.85,714.85,714.85,587.45,650.03,691.29,707.29,749.09,9799.13,10200,11718.75,10978.72,9965.28,9910.22,9928.95,11111.11,12519.72,11125.68,11152,0,866.67,866.67,785.71,785.71,785.71,791.39,700,0,600,6500,16000,16000,16000,16000,16000,16000,16000,16000,0,0,3200
15,Saptari,3577,4950,4950,3250,3230,3230,3230,3140,3440,3100,3135,57063,64462.5,64462.5,64462.5,65200,88000,88245,88245,62904,62904,71757,70,70,70,70,70,70,68.32,1,0,0,0,1500,1500,1500,2500,2500,2500,2500,1500,1600,0,1000,15,5110,6250,6250,3250,5900,5900,5900,4000,4200,4200,4250,4150,4775,4775,4775,5020,5500,5550,5550,5150,5150,5565,80,80,80,80,80,80,77.52,1,0,0,0,50,50,50,60,60,60,60,50,40,0,50,15,Saptari,700,792,792,550.85,547.46,547.46,547.46,785,819.05,738.1,737.65,13750.12,13500,13500,13500,12988.05,16000,15900,15900,12214.37,12214.37,12894.34,875,875,875,875,875,875,881.32,1000,0,0,0,30000,30000,30000,41666.67,41666.67,41666.67,41666.67,30000,30000,0,20000
16,Siraha,283,960,760,700,700,700,700,2500,2361,1719,2076.4,12600,15420,18700,16500,16500,18180,18180,18180,19380,24700,24700,570,630,630,630,630,600,585.6,0,72,60,52.5,81900,81900,82125,82125,82125,82125,83125,81000,83250,87845,95590,16,550,1640,1500,700,1400,1400,1400,6655,6655,6595,6520,1200,1468,1500,1500,1500,1515,1515,1515,1615,1900,1900,700,700,700,700,700,600,581.4,0,90,85,70,1750,1800,1825,1825,1825,1825,1825,1800,1850,1900,2100,16,Siraha,514.55,585.37,506.67,500,500,500,500,375.66,354.77,260.65,318.47,10500,10504.09,12466.67,11000,11000,12000,12000,12000,12000,13000,13000,814.29,900,900,900,900,1000,1007.22,0,0,705.88,750,10714.29,45500,45000,45000,45000,45000,45547.95,45000,45000,46234.21,45519
17,Dolakha,280,242,242,242,242,242,267,255,260.4,265,253.8,20226,20226,26550,26550,26550,27004,27004,28600,27004,32775,36000,0,0,0,0,0,0,0,0,0,0,0,154,154,154,154,154,154,57,60,203,60,0,17,310,275,275,242,275,275,295,291,300,305,317,2445,2445,2445,2445,2445,2505,2505,2550,2505,2850,3000,0,0,0,0,0,0,0,0,0,0,0,11,11,11,11,11,11,4,4,5,5,0,17,Dolakha,903.23,880,880,880,880,880,905.08,876.29,868,868.85,800.63,8272.39,8272.39,10858.9,10858.9,10858.9,10780.04,10780.04,11215.69,10780.04,11500,12000,0,0,0,0,0,0,0,0,0,0,0,14000,14000,14000,14000,14000,14000,14250,15000,15000,12000,0
18,Ramechhap,120,335,309,297,297,380,400,256,296,668,649.37,26600,25248,32000,30430,30430,33440,29260,31300,32903,28605,32598,0,0,0,0,0,0,0,0,0,0,0,700,700,700,700,700,700,0,14,0,0,0,18,250,350,435,297,349,400,500,501,501,500,813.2,2665,2735,3035,3040,3040,3040,3040,3040,3050,3054,3070,0,0,0,0,0,0,0,0,0,0,0,40,40,40,40,40,40,0,2,0,0,0,18,Ramechhap,480,957.14,710.34,851,851,950,800,510.98,590.82,1336,798.54,9981.24,9231.44,10543.66,10009.87,10009.87,11000,9625,10296.05,10787.87,9366.4,10618.24,0,0,0,0,0,0,0,0,0,0,0,17500,17500,17500,17500,17500,17500,0,7000,0,0,0
19,Sindhuli,4718,5031,4436,4756,4756,4756,5396,5169,4904,4708,5868.7,14750,17525,16544,15950,15950,15250,14550,17700,17500,17560,18200,0,0,0,0,0,0,0,0,0,0,0,2800,2800,2800,1800,1800,1800,0,56,490,625,675,19,5700,5710,5545,4756,5530,5530,5691,5496,5492,5506,5621,1250,1525,1528,1538,1538,1605,1700,1700,1750,1820,1820,0,0,0,0,0,0,0,0,0,0,0,80,80,80,80,80,80,0,12,11,12,15,19,Sindhuli,827.72,881.09,800,860.04,860.04,860.04,948.16,940.5,892.94,855.07,1044.07,11800,11491.8,10827.23,10370.61,10370.61,1200,8558.82,10411.76,10000,9648.35,10000,0,0,0,0,0,0,0,0,0,0,0,35000,35000,35000,22500,22500,22500,0,4666.67,4666.67,52083.33,45000
20,Dhanusa,3245,2562,3190,2175,2200,2200,2100,4425,2006,2180,2006,20350,21488,25450,25000,25800,20750,32532,32532,30225,30225,28330,596,596,465,465,450,450,439.2,300,425,420,100,110050,110050,117150,119700,119700,120800,137150,136420,151410,152320,151410,20,2950,2875,2900,2175,2975,2975,3000,2885,3402,3055,3373,1850,1910,1950,2000,2070,2075,2275,2275,2325,2325,2325,510,510,400,400,390,380,368.22,300,300,250,100,3100,3100,3300,3300,3405,3100,3400,3590,3605,3605,3605,20,Dhanusa,1100,891.13,1100,887.76,739.5,739.5,700,1533.8,589.65,713.58,594.72,11000,11250.26,13051.28,12500,12463.77,10000,14299.78,14299.78,13000,13000,12184.95,1168.63,1168.63,1162.5,1162.5,1153.85,1184.21,1192.77,1000,0,1680,1000,35500,35500,35500,36272.73,35154.19,38967.74,40338.24,38000,38000,42252.43,42000
21,Mahottari,2170,2170,2170,2300,2550,2550,2000,2078,2676,2676,2314,32004,32000,39500,39500,43605,51051,38137,38137,41180,41180,44180,430,430,430,370,380,375,366,50,50,55,0,108800,108800,108800,108800,112000,118280,217995,210000,260250,275350,268800,21,2750,2750,2750,2300,2900,2900,3000,2967,3115,3115,3135,3100,3100,3100,3100,3420,4862,3467,3467,3550,3550,3550,420,420,420,370,340,335,324.62,33,33,48,0,3400,3400,3400,3400,3500,3000,5000,5600,6500,6500,7000,21,Mahottari,789.09,789.09,789.09,920,879.31,879.31,666.67,700.37,859.07,859.07,738.12,10323.87,10322.58,12741.94,12741.94,12750,10500,11000,11000,11600,11600,12445.07,1023.81,1023.81,1023.81,1000,1117.65,1119.4,1127.49,1515.15,0,1145.83,0,32000,32000,32000,32000,32000,39426.67,43599,37500,400384.62,42361.54,38400
22,Sarlahi,3715,3531.6,4390,3502,3000,3000,6283,6460,4638,6497,5327,19690,16875,19762,19702,19702,20499,21180,21180,19980,19980,19390,759,759,577,577,577,500,488,300,100,130,250,381470,381470,433600,488700,478400,475200,759500,769500,769500,836200,1129500,22,3665,3924,4085,3502,3585,3585,6100,6100,6100,6210,6170,1505,1250,1275,1275,1275,1301,1500,1500,1350,1350,1385,690,690,525,525,525,500,484.5,300,100,100,250,9566,9566,11080,12080,12000,11500,16100,17100,17100,18500,22500,22,Sarlahi,1013.64,900,1074.66,976.85,836.82,836.82,1030,1059.02,760.33,1046.22,863.37,13083.06,13500,15499.61,15452.55,15452.55,15756.34,14120,14120,14800,14800,14000,1100,1100,1099.05,1099.05,1099.05,1000,1007.22,1000,0,1300,1000,39877.69,39877.69,39133.57,40455.3,39866.67,41321.74,47173.91,45000,45000,45200,50200
23,Sindhupalchok,1027,1100,1100,1100,1100,1100,600,600,438.1,955,850.4,39500,40500,40500,40500,40500,58800,58800,58800,62154,60420,60480,0,0,0,0,0,0,0,0,0,0,0,320,320,320,320,320,320,0,55,190,350,0,23,1467,1638,1638,1100,1638,1638,850,850,477,1224,2500,3000,3000,3000,3000,3000,4900,4900,4900,5033,5035,5040,0,0,0,0,0,0,0,0,0,0,0,10,10,10,10,10,10,0,4,10,10,0,23,Sindhupalchok,700.07,671.55,671.55,671.55,671.55,671.55,705.88,705.88,918.45,780.23,340.16,13166.67,13500,13500,13500,13500,12000,12000,12000,12349.29,12000,12000,0,0,0,0,0,0,0,0,0,0,0,32000,32000,32000,32000,32000,32000,0,13750,13750,35000,0
24,Kavre,3000,3040,3040,4100,4100,4100,3604,3604,1950,1598,4346.2,92500,86150,89150,89150,94150,94615,170755,170755,179357.5,167370,181332,0,0,0,0,0,0,0,0,0,0,0,250,250,250,250,250,250,410,900,642,950,1050,24,3000,3540,3540,4100,4240,4240,4235,4235,1910,1914,4005,5000,5050,5050,5050,5350,5404,9230,9230,9695,9695,9770,0,0,0,0,0,0,0,0,0,0,0,75,25,25,25,25,25,40,27,27,28,30,24,Kavre,1000,858.76,858.76,966.98,966.98,966.98,851,851,1020.94,834.9,1085.19,18500,17059.41,17653.47,17653.47,17598.13,17508.33,18500,18500,18500,17263.54,18560.08,0,0,0,0,0,0,0,0,0,0,0,25000,10000,10000,10000,10000,10000,10250,33333.33,23777.78,33928.57,35000
25,Bhaktapur,319,319,319,319,319,319,350,221,251,251,437,17850,17850,19850,19850,20750,22079,23287,23287,23939,20700,20700,0,0,0,0,0,0,0,0,0,0,0,0,0,0,0,0,0,0,56,0,0,0,25,350,350,350,319,350,350,310,245,250,250,350,1050,1050,1050,1050,1100,1100,1150,1050,1528,1145,1145,0,0,0,0,0,0,0,0,0,0,0,0,0,0,0,0,0,0,2,0,0,0,25,Bhaktapur,911.43,911.43,911.43,911.43,911.43,911.43,1129.03,902.04,1004,1004,1248.57,17000,17000,18904.76,18904.76,18863.64,20071.82,20249.57,22178.1,15666.88,18078.6,18078.6,0,0,0,0,0,0,0,0,0,0,0,0,0,0,0,0,0,0,28000,0,0,0
26,Lalitpur,1602,1602,1602,1650,1650,1667,1600,1907,1815.9,1167,1952.82,9000,13760,14760,16439,18439,18530,18870,18870,18891,17332.5,17770,0,0,0,0,0,0,0,0,0,0,0,0,0,0,0,0,0,0,80,0,0,69,26,2225,2225,2225,1650,2100,2135,2200,2689,2220,947,2319.5,600,949,949,967,1005,1015,1020,1015,975,975,1075,0,0,0,0,0,0,0,0,0,0,0,0,0,0,0,0,0,0,2,0,0,27,26,Lalitpur,720,720,720,785.71,785.71,780.8,727.27,709.19,817.97,1232.31,841.91,15000,14499.47,15553.21,17000,18347.26,18256.16,18500,18591.13,19375.38,18890,16530.23,0,0,0,0,0,0,0,0,0,0,0,0,0,0,0,0,0,0,40000,0,0,2556
27,Kathmandu,50,50,50,55,55,55,225,395,78,98,1048,27080,25595,38165,40150,41150,42036,42036,42036,48010,48010,48010,0,0,0,0,0,0,0,0,0,0,0,0,0,0,0,0,0,0,123,253,353,0,27,70,70,70,55,60,60,976,452,85,90,980,1725,1630,2245,2200,2200,2260,2260,2240,2580,2580,2580,0,0,0,0,0,0,0,0,0,0,0,0,0,0,0,0,0,0,5,10,10,0,27,Kathmandu,714.29,714.29,714.29,916.67,916.67,916.67,1149.59,873.89,917.65,1088.89,1069.39,15698.55,15702.45,17000,18250,18704.55,18600,18600,18766.07,18608.53,18608.53,18608.53,0,0,0,0,0,0,0,0,0,0,0,0,0,0,0,0,0,0,24600,25300,35300,0
28,Rasuwa,22,100,100,100,100,100,106,22,23,23,438.8,20400,21832,21832,21832,21832,36292,36372,36372,36967,36531,37200,0,0,0,0,0,0,0,0,0,0,0,9,9,9,9,9,9,9,9,0,0,0,28,24,115,115,100,115,115,132,30,30,32,694,1800,1720,1720,1720,1720,2520,2520,2520,2560,2531,2560,0,0,0,0,0,0,0,0,0,0,0,1,1,1,1,1,1,1.05,1,0,0,0,28,Rasuwa,916.67,869.57,869.57,869.57,869.57,869.57,803.03,733.33,766.67,718.75,632.28,11333.33,12693.02,12693.02,12693.02,12693.02,14401.59,14433.33,14433.33,14440.23,14433.43,14531.25,0,0,0,0,0,0,0,0,0,0,0,9000,9000,9000,9000,9000,9000,9000,9000,0,0,0
29,Nuwakot,500,400,400,616,616,643,897,746,744,834,834.75,21348,20950,22950,23500,24250,32094,32094,32094,52720,63000,65000,0,0,0,0,0,0,0,0,0,0,0,3000,3000,3000,3000,3000,3000,3303.3,3300,4000,3510,2925,29,555,500,500,616,650,675,780,785,778,757,805,1820,1850,1850,1900,1950,2561,2561,2575,2850,3500,3600,0,0,0,0,0,0,0,0,0,0,0,100,100,100,100,100,100,104.99,105,115,90,75,29,Nuwakot,900.9,800,800,947.69,947.69,952.59,1150,950.32,956.3,1101.72,1036.96,11729.67,11324.32,12405.41,12368.42,12435.9,12531.82,12531.82,12463.69,18498.25,18000,18055.56,0,0,0,0,0,0,0,0,0,0,0,30000,30000,30000,30000,30000,30000,31463,31428.57,34782.61,39000,39000
30,Dhading,520,277,277,277,385,520,521,529,530,529,506,19830,19032,19032,19032,20500,19980,20118,20118,23672,23466,25487,0,0,0,0,0,0,0,0,0,0,0,10000,10000,10000,10000,3664,3664,4034.43,4000,2575,1500,1450,30,650,395,395,277,562,660,660,665,665,665,665,1580,1560,1560,1560,1853,1628,1633,1633,1660,1641,1660,0,0,0,0,0,0,0,0,0,0,0,300,300,300,300,152,152,159.58,150,50,50,28,30,Dhading,800,701.27,701.27,701.27,685.05,787.88,789.39,795.49,796.99,795.49,760.9,12550.63,12200,12200,12200,11063.14,12272.73,12319.66,12319.66,14260.24,14299.82,15353.61,0,0,0,0,0,0,0,0,0,0,0,33333.33,33333.33,33333.33,33333.33,24105.26,24105.26,25280.79,26666.67,51500,30000,51786
31,Rautahat,9034,8045,8045,7912,8240,8240,6980,8648,8648,8520,8648,33526,35526,35526,35526,41580,43260,41750,41750,44286,43601,43601,69,30,30,30,30,30,29.28,92,200,200,0,318888,310824,310824,310824,302624,332600,340575,318308,362000,308850,322400,31,9510,9075,9075,7912,9850,9850,10440,10450,10450,10450,10450,2385,2385,2385,2385,2520,2570,2600,2600,2420,2710,2710,73,33,33,33,33,33,31.98,80,150,150,0,8858,8624,8624,8624,8624,8500,7445,9030,9050,7500,10075,31,Rautahat,949.95,886.5,886.5,803.25,836.55,836.55,668.58,827.56,827.56,815.31,827.56,14057.02,14895.6,14895.6,14895.6,16500,16832.68,16057.69,16057.69,18300,16088.93,16088.93,945.21,909.09,909.09,909.09,909.09,909.09,915.66,1150,0,1333.33,0,36000,36041.74,36041.74,36041.74,35090.91,39129.41,45745.47,35250.06,35250.06,41180,32000
32,Bara,3550,3400,3400,3820,3098,3098,2716,3060,3001.5,2902,3081.05,110090,110159,128872,129394,130675,135956,132450,132450,168909,169974,169974,70,70,100,95,95,95,92.72,0,500,425,35,80000,87150,90300,91300,78140,78140,92400,90300,90720,90720,114750,32,3500,3552,3500,3820,3165,3165,2560,2550,2750,2750,2578,6014,6162,6175,6200,6210,6334,6500,6500,9895,11902,11902,80,80,100,150,150,150,145.35,0,350,300,35,2000,2100,2150,2200,2170,2170,2200,2150,2160,2160,2550,32,Bara,1014.29,957.21,971.43,1091.43,978.83,978.83,1060.94,1200,1091.45,1055.27,1195.13,18305.62,17877.15,20869.96,20870,21042.67,21464.48,20376.92,20376.92,17070.14,14281.13,14281.13,875,875,1000,633.33,633.33,633.33,637.91,0,0,1416.67,1000,40000,41500,42000,41500,36009.22,36009.22,42000,42000,42000,42000,45000
33,Parsa,5132,4786,4800,4800,5090,5090,6204.5,5929,6229,5796,6829.8,13992,14333,19500,19500,19975,20783,18950,18950,16400,16400,18400,150,150,135,135,113,113,110.29,255,255,1025,324,15000,7750,15000,15000,15300,18000,26049,24750,36400,37500,66600,33,6560,6925,7955,4800,6755,6755,6965,6660,6987,6987,6856,965,975,1025,1025,1150,1173,1050,1050,1200,1200,1280,150,150,135,135,142,142,137.6,150,700,700,180,400,310,500,500,600,600,850,900,930,930,1480,33,Parsa,782.32,691.12,603.39,603.39,753.52,753.52,890.81,890.24,891.51,829.54,996.18,14499.48,14700.51,19024.39,19024.39,17369.57,17717.82,18047.62,18047.62,13666.67,13666.67,14375,1000,1000,1000,1000,795.77,795.77,801.52,1700,0,1464.29,1800,37500,25000,30000,30000,25500,30000,30645.88,27500,27500,40322.58,45000
34,Makwanpur,1362,1332,1332,1000,1156,1180,1570,1737,1687,1705,2208,52500,54900,58900,58900,59800,60228,60656,61500,67217,71200,67408,0,0,0,0,0,0,0,0,0,0,0,2600,2600,2600,2600,2600,2600,2862.86,2800,3250,3250,0,34,1473,1473,1473,1000,1458,1540,1530,1539,1534,1850,1900,4550,4596,4596,4596,4610,4850,4850,4855,4858,4900,4910,0,0,0,0,0,0,0,0,0,0,0,90,90,90,90,90,90,94.49,90,95,95,0,34,Makwanpur,924.64,904.28,904.28,833.33,792.87,766.23,1026.14,1128.65,1099.74,921.62,1162.11,11538.46,11945.17,12815.49,12815.49,12971.8,8649.26,12506.39,12667.35,13836.35,14530.61,13728.72,0,0,0,0,0,0,0,0,0,0,0,28888.89,28888.89,28888.89,28888.89,28888.89,28888.89,30297.7,31111.11,34210.53,34210.53,0
35,Chitwan,5756,7700,7300,6892,5800,5800,8930,10758,10705,10337,11227,25955,26850,29160,27815,30500,34780,34780,34780,35057,35717,34089,0,0,0,0,0,0,0,0,0,0,0,150,300,300,450,450,550,605.61,1500,2500,700,1500,35,14392,14000,14000,6892,7500,7500,11150,12237,12380,12630,12680,1790,1790,1810,1810,1850,1880,1880,1885,1895,1910,1915,0,0,0,0,0,0,0,0,0,0,0,15,15,15,16,15,17,17.85,50,50,50,50,35,Chitwan,399.94,550,521.43,602.34,773.33,773.33,800.9,879.14,864.7,818.45,885.41,14500,15000,16110.5,15367.4,16486.49,18500,18500,18450.93,18499.74,18700,17801.04,0,0,0,0,0,0,0,0,0,0,0,10000,20000,20000,28125,30000,32352.94,33930.68,30000,30000,14000,30000
36,Gorkha,675,425,361,225,352,35,592,606,720,694,769.7,26795,28440,27759,27759,27759,27552,26519,26519,32672,25434,29924,0,0,0,0,0,0,0,0,0,1,2.09,910,580,950,797,767,767,844.54,877,1200,877,889,36,1165,601,603,225,506,50,607,612,716,712,624.6,2330,2370,2435,2435,2435,2460,2460,2460,2462,2512,2500,0,0,0,0,0,0,0,0,0,2.02,2.03,60,25,65,55,55,55,57.74,60,62,60,60,36,Gorkha,579.4,707.15,598.67,600,695.65,700,975.29,990.2,1005.59,974.72,1232.31,11500,12000,11400,11400,11400,11200,10780.08,10780.08,13270.51,10125,11969.6,0,0,0,0,0,0,0,0,0,495.05,1029.56,15166.67,23200,14615.38,14490.91,13945.45,13945.45,14625.53,14616.67,14616.67,14616.67,14817
37,Lamjung,525,546,595,605,605,605,612,642,679.75,695,834.5,12000,15280,18879,17920,18879,19066,19066,20500,20060,20242,24305,0,0,0,0,0,0,0,0,0,0,0,1700,459,580,504,504,504,554.95,550,900,600,605,37,620,635,665,605,671,671,680,680,715.5,843,1157,1420,1690,1740,1740,1740,1766,1766,1766,1836,1850,1875,0,0,0,0,0,0,0,0,0,0,0,40,26,29,28,28,28,29.4,29,30,30,30,37,Lamjung,846.77,859.84,894.74,901.64,901.64,901.64,900,944.12,950.03,824.44,721.26,8450.7,9041.42,10850,10298.85,10850,10796.15,10796.15,11608.15,10925.93,10941.62,12962.67,0,0,0,0,0,0,0,0,0,0,0,42500,17653.85,20000,18000,18000,18000,18877.8,18965.52,18965.52,20000,20167
38,Tanahu,360,462,419,372,372,400,423,433,429,453,407.6,6175,6188,10650,9872,9872,10186,6536,8050,7080,7080,9800,0,0,0,0,0,0,0,0,0,0,0,400,620,620,620,620,620,682.68,682.68,682.68,1440,1370,38,460,609,612,372,457,559,668,673,673,699,622.4,656,700,810,912,912,926,769,769,775,775,780,0,0,0,0,0,0,0,0,0,0,0,20,36,36,36,36,36,37.8,37.8,58,58,55,38,Tanahu,782.61,758.62,684.64,814,814,715.56,633.23,643.39,637.44,648.07,654.88,9413.11,8840,13148.15,10824.56,10824.56,11000,8499.35,10468.14,9135.48,9135.48,12564.1,0,0,0,0,0,0,0,0,0,0,0,20000,17222.22,17222.22,17222.22,17222.22,17222.22,18062.09,18062.09,18062.09,24827.59,24909
39,Manang,27,20,20,20,20,20,0,9,0,2,2,8260,8260,8625,7919,7919,9250,9045,9045,6894,9334,7611,0,0,0,0,0,0,0,0,0,0,0,0,0,0,0,0,0,0,0,0,0,0,39,25,25,25,20,25,25,0,10,0,2,2,725,725,731,738,738,740,740,730,745,791,645,0,0,0,0,0,0,0,0,0,0,0,0,0,0,0,0,0,0,0,0,0,0,39,Manang,1080,800,800,800,800,800,0,900,0,1000,1000,11393.1,11393.1,11798.91,10730.35,10730.35,12500,12222.97,12390.41,9253.69,11800.25,11800,0,0,0,0,0,0,0,0,0,0,0,0,0,0,0,0,0,0,0,0,0,0
40,Kaski,380,367,501,350,367,367,461,182,435,501,465.7,9370,10394,12215,11600,11600,18224.8,19742,19742,19734,27012,16931,0,0,0,0,0,0,0,0,0,0,0,580,4270,380,4800,5200,5200,5725.72,562,1225,710,710,40,500,502,687,350,491,491,586,556,568,629,599,946,970,960,1030,1030,1672,1771,1775,1679,1685,1690,0,0,0,0,0,0,0,0,0,0,0,20,20,19,22,37,36,37.8,32,32,40,40,40,Kaski,760,731.08,729.26,815.85,747.45,747.45,786.69,327.34,765.85,796.5,777.46,9904.86,10715.46,12723.96,11262.14,11262.14,10900,11147.37,11122.25,11753.42,16030.86,10018.34,0,0,0,0,0,0,0,0,0,0,0,29000,11634.88,758.48,13714.29,14168.94,14168.94,151488.5,17562.5,382812.5,17750,17750
41,Syangja,153,153,130,211,166,166,212,197,197,253,535,9500,9500,12000,14220,14220,12500,12547,12547,10288,11890,11890,0,0,0,0,0,0,0,0,0,0,0,192,192,180,192,192,192,211.41,270,405,375,370,41,153,153,160,211,205,205,272,266,266,330,630,750,750,760,790,790,802,805,810,850,850,850,0,0,0,0,0,0,0,0,0,0,0,16,16,16,16,16,16,16.8,18,20,25,25,41,Syangja,1000,1000,812.5,811.54,809.76,809.76,779.41,740.6,740.6,766.67,849.21,12666.67,12666.67,15789.47,18000,18000,15586.03,15586.34,15490.12,12103.53,13988.24,13988.24,0,0,0,0,0,0,0,0,0,0,0,12000,12000,11250,12000,12000,12000,12585.2,15000,15000,15000,14800
42,Nawalparasi,5694,5694,5694,3560,3550,3550,4311,4481,4698,4280,4876.1,9862,9800,11800,10762,15480,16105,12711,13800,12366,12366,19875,7,7,7,7,5,5,4.88,0,25,25,0,306000,306000,306000,330000,315000,248800,328750,317250,330250,266000,210450,42,7535,7535,7535,3560,5400,5400,6475,7462,7462,7625,8284,875,875,875,1025,1250,1275,1100,1100,1145,1145,1625,10,10,10,10,6,6,5.81,0,25,25,0,7200,7200,7200,7500,7300,6000,7523,7000,7250,7020,7015,42,Nawalparasi,755.67,755.67,755.67,659.26,657.41,657.41,665.79,600.51,629.59,561.31,588.62,11270.86,11200,13485.71,10499.51,12384,12631.37,11555.45,12545.45,10800,10800,12230.77,700,700,700,700,833.33,833.33,839.35,0,0,1000,0,42500,42500,42500,44000,43150.68,41466.67,43699.32,45321.43,45321.43,37891.74,30000
43,Palpa,618,712,968,525,525,525,774,706,713,434,1105.15,7752,7946,8211,8660,8660,8746,6627,7500,9560,9560,9560,0,0,0,0,0,0,0,0,0,0,0,936,936,957,784,784,784,863.26,524,1500,500,478.4,43,750,880,880,525,615,615,910,910,917,429,1234,680,685,690,693,693,703,705,710,720,720,720,0,0,0,0,0,0,0,0,0,0,0,65,65,58,53,53,53,55.64,50,50,48,46,43,Palpa,824,809.09,1100,853.66,853.66,853.66,850.55,775.82,777.54,1011.66,895.58,11400,11600,11900,12496.39,12496.39,12440.97,9400,10563.38,13277.78,13277.78,13277.78,0,0,0,0,0,0,0,0,0,0,0,14400,14400,16500,14792.45,14792.45,14792.45,15513.83,10480,10480,10416.67,10400
44,Rupandehi,4450,4450,3250,3800,3800,3800,6480,6902,7096,6469,6553,45250,45200,52250,48400,57600,50400,53200,51200,53475,53200,58200,15,15,15,15,10,10,9.76,0,0,0,1,185000,185000,185000,180000,128000,109250,44500,24393,25000,9600,14400,44,6325,6325,6500,3800,6700,6700,7200,7225,7225,7288,7685,3250,3250,3500,3550,3650,3800,3800,3800,3865,3865,3865,20,20,20,20,15,15,14.54,0,0,0,1.5,3520,3520,3520,3520,2750,2500,950,550,500,200,300,44,Rupandehi,703.56,703.56,500,622.95,567.16,567.16,900,955.29,982.15,887.62,852.7,13923.08,13907.69,14928.57,13633.8,15780.82,13263.16,14000,13473.68,13835.71,13764.55,15058.21,750,750,750,750,666.67,666.67,671.48,0,0,0,666.67,52556.82,52556.82,52556.82,51136.36,46545.45,43700,46842.11,44350.91,44350.91,48000,48000
45,Gulmi,448,278,278,278,395,489,582,284,636,771,553.4,3027,3697,4800,6325,6325,3480,3600,4900,5216,4416,5276,0,0,0,0,0,0,0,0,0,0,0,565,700,700,685,684,684,753.15,621,621,1748,1805,45,478,420,420,278,500,550,529,531,530,621,558,365,425,475,632,632,435,440,455,445,460,470,0,0,0,0,0,0,0,0,0,0,0,42,50,50,50,52,52,54.59,54,83,92,95,45,Gulmi,937.24,661.9,661.9,661.9,790,889.09,1100.19,534.84,1200,1241.55,991.76,8293.15,8698.82,10105.26,10007.91,10007.91,8000,8181.82,10769.23,11721.35,9600,11225.53,0,0,0,0,0,0,0,0,0,0,0,13452.38,14000,14000,13700,13153.85,13153.85,13795.31,11500,11500,19000,19000
46,Arghakhanchi,775,675,675,1311,1385,1310,1388,1279,1303,1208,1347,5200,5200,6620,7814,7310,3660,7312,7500,9371,5496,8496,0,0,0,0,0,0,0,0,0,0,0,0,0,0,0,0,0,0,95,120,220,0,46,800,800,800,1311,1412,1412,1412,1412,1442,1342,1425,610,610,610,661,685,685,685,685,775,687,687,0,0,0,0,0,0,0,0,0,0,0,0,0,0,0,0,0,0,5,6,6,0,46,Arghakhanchi,968.75,843.75,843.75,929.79,980.88,927.76,983,905.81,903.61,900.15,945.26,8524.59,8524.59,10852.46,11821.48,10671.53,5343.07,10674.45,10948.91,12091.61,8000,12366.81,0,0,0,0,0,0,0,0,0,0,0,0,0,0,0,0,0,0,19000,19000,36666.67,0
47,Kapilbastu,2145,4086.61,4086.61,2511.04,2299,3463,2963,3290,3320,3261,3834.5,17812,20794,22500,22150,25100,19125,26000,26000,34010,24140,34140,5,5,5,5,5,5,4.88,0,0,0,0,203600,185000,195000,226000,226250,206250,239525,287650,315000,315000,277716.75,47,3300,5335,5335,2511.04,3630,3850,3970,4090,4130,4160,4231,1875,2082,2000,2025,2025,2250,2350,2350,2410,2425,2425,10,10,10,10,10,10,9.69,0,0,0,0,5700,5020,5710,5720,5725,5025,5125,5230,5300,5230,5235,47,Kapilbastu,650,766,766,608,633.33,899.48,746.35,804.4,803.87,783.89,906.29,9499.73,9987.51,11250,10938.27,12395.06,8500,11063.83,11063.83,14112.03,9954.64,14078.35,500,500,500,500,500,500,503.61,0,0,0,0,35719.3,36852.59,34150.61,39510.49,39519.65,41044.78,46736.59,55000,55000,60229.45,53050
48,Mustang,25,31,31,30,25,15,25,25,25,25,25,2240,2330,2330,2308,2308,3200,3210,3210,3200,3200,3200,0,0,0,0,0,0,0,0,0,0,0,0,0,0,0,0,0,0,0,0,0,0,48,25,35,35,30,30,30,30,30,30,30,30,225,232,232,232,232,240,250,250,250,350,350,0,0,0,0,0,0,0,0,0,0,0,0,0,0,0,0,0,0,0,0,0,0,48,Mustang,1000,885.71,885.71,857.14,833.33,500,833,833.33,833.33,833.33,833.33,9955.56,10043.1,10043.1,9948.28,9948.28,13333.33,12840,12840,12800,9142.86,9142.86,0,0,0,0,0,0,0,0,0,0,0,0,0,0,0,0,0,0,0,0,0,0
49,Myagdi,80,500,500,176,16,160,183,202,302,302,241.29,10050,10600,17600,16160,16160,16330,16191,16191,18989,18989,16451,0,0,0,0,0,0,0,0,0,0,0,340,340,340,340,340,340,374.37,374,375,576,159.25,49,115,650,650,176,20,200,227,235,323,323,254.95,1560,1600,1600,1550,1550,1560,1560,1565,1580,1580,1605,0,0,0,0,0,0,0,0,0,0,0,20,20,20,20,20,20,21,21,21,21,3.5,49,Myagdi,695.65,769.23,769.23,800,800,800,806.17,859.57,934.98,934.98,946.42,6442.31,6625,11000,10425.81,10425.81,10467.95,10378.85,10345.69,12018.35,12018.35,10249.84,0,0,0,0,0,0,0,0,0,0,0,17000,17000,17000,17000,17000,17000,17829.03,17809.52,17809.52,27428.57,45500
50,Parbat,246,246,246,231,231,231,244,249,240.95,269,283.66,14140,14140,16140,14520,14520,14664,21136,21136,21602,23190,23190,0,0,0,0,0,0,0,0,0,0,0,160,160,160,160,160,160,176.18,176,340,545,0,50,285,285,285,231,304,304,331.73,337,317,339,352,1443,1443,1443,1452,1452,1474,1510,1510,1516,1778,1778,0,0,0,0,0,0,0,0,0,0,0,10,10,10,10,10,10,10.5,10,10,10,0,50,Parbat,863.16,863.16,863.16,759.87,759.87,759.87,735.54,738.87,760.09,793.51,805.85,9799.03,9799.03,11185.03,10000,10000,9948.44,13997.35,13997.35,14249.34,13042.74,13042.74,0,0,0,0,0,0,0,0,0,0,0,16000,16000,16000,16000,16000,16000,16780.26,17600,17600,54500,0
51,Baglung,684,584,550,705,706,542,595,726,732,573,742,13050,13050,14375,15332,15332,15484,19899,19899,18302,17068,17148,0,0,0,0,0,0,0,0,0,0,0,0,0,700,700,700,700,770.77,770,125,140,0,51,732,732,795,705,862,847,850,855,862,790,873,1270,1270,1025,1116,1116,1133,1327,1327,1397,1427,1432,0,0,0,0,0,0,0,0,0,0,0,0,0,50,50,50,50,52.5,52,3,3,0,51,Baglung,934.43,797.81,691.82,819.77,819.03,639.91,700,849.12,849.19,725.32,849.94,10275.59,10275.59,14024.39,13738.35,13738.35,13666.37,14995.48,14995.48,13100.93,11960.76,11974.86,0,0,0,0,0,0,0,0,0,0,0,0,0,14000,14000,14000,14000,14682.73,14807.69,14807.69,46666.67,0
52,Dolpa,2,1,1,1,15,9,18,15,15,15,15,5080,5080,5080,5080,5280,5386,5386,5640,5640,9225,9302,0,0,0,0,0,0,0,0,0,0,0,0,0,0,0,0,0,0,0,0,0,0,52,2,2,2,1,19,19,25,19,19,19,19,640,640,640,640,640,646,646,646,925,925,932,0,0,0,0,0,0,0,0,0,0,0,0,0,0,0,0,0,0,0,0,0,0,52,Dolpa,1000,500,500,500,789.47,473.68,720,789.47,789.47,789.47,789.47,7937.5,7937.5,7937.5,7937.5,8250,8337.46,8337.46,8730.65,9972.97,9972.97,9980.69,0,0,0,0,0,0,0,0,0,0,0,0,0,0,0,0,0,0,0,0,0,0
53,Mugu,13,13,13,13,14,16,18,20,16,16,29.16,4100,4100,4550,4141,4840,6152.85,6152.85,6153,6110,6187,6163,0,0,0,0,0,0,0,0,0,0,1.2,0,0,0,0,0,0,0,0,0,0,30,53,27,27,27,13,24,30,25,31,26,26,38.25,605,605,605,585,585,605,605,605,610,617,625,0,0,0,0,0,0,0,0,0,0,2,0,0,0,0,0,0,0,0,0,0,1,53,Mugu,481.48,481.48,481.48,481.48,583.33,533.33,720,645.16,615.38,615.38,762.35,6776.86,6776.86,7520.66,7078.63,8273.5,10170,10170,10170.25,10016.39,10027.55,9860.8,0,0,0,0,0,0,0,0,0,0,600,0,0,0,0,0,0,0,0,0,0,30000
54,Jumla,100,100,95,95,95,95,66,68,68,85,90,18100,18000,19010,19010,19010,18887,20800,26800,26150,26150,28150,0,0,0,0,0,0,0,0,0,0,0,0,0,0,0,0,0,0,0,0,0,0,54,130,130,130,95,130,130,92,85,85,85,90,2165,2170,2200,2200,2200,2222,2600,2600,2615,2615,2615,0,0,0,0,0,0,0,0,0,0,0,0,0,0,0,0,0,0,0,0,0,0,54,Jumla,769.23,769.23,730.77,730.77,730.77,730.77,717.39,800,800,1000,1000,8360.28,8294.93,8640.91,8640.91,8640.91,8500,8000,10307.69,10000,10000,10764.82,0,0,0,0,0,0,0,0,0,0,0,0,0,0,0,0,0,0,0,0,0,0
55,Kalikot,40,40,40,42,77,70,78,103,103,93,54.78,7000,7000,7100,7500,11105,11385,11385,10385,6127.5,11756.25,11756.25,0,0,0,0,0,0,0,127,14,14,0,0,0,0,0,0,0,0,37,0,0,0,55,60,60,60,42,183,182,183,191,191,191,113,730,730,750,840,1035,1035,1035,1035,525,1045,1045,0,0,0,0,0,0,0,144,15,15,0,0,0,0,0,0,0,0,1,0,0,0,55,Kalikot,666.67,666.67,666.67,512.2,420.77,384.62,426.23,539.27,539.27,486.91,484.78,9589.04,9589.04,9466.67,8928.57,10729.47,11000,11000,10033.82,11671.43,11250,11250,0,0,0,0,0,0,0,881.94,933.33,933.33,0,0,0,0,0,0,0,0,37000,0,0,0
56,Humla,27,27,27,27,41,21,11,16,16,16,39,4890,4890,4890,4890,4890,6640,7566,7566,6825,6825,6825,0,0,0,0,0,0,0,0,0,0,0,0,0,0,0,0,0,0,0,0,0,0,56,50,50,50,27,58,58,25,24,24,24,72,580,580,580,580,580,664,670,670,700,700,700,0,0,0,0,0,0,0,0,0,0,0,0,0,0,0,0,0,0,0,0,0,0,56,Humla,540,540,540,540,706.9,362.07,440,666.67,666.67,666.67,541.67,8431.03,8431.03,8431.03,8431.03,8431.03,10000,11292.54,11292.54,9750,9750,9750,0,0,0,0,0,0,0,0,0,0,0,0,0,0,0,0,0,0,0,0,0,0
57,Rukum,441,441,441,425,425,425,644,643,643,644,723.2,14841,14800,16800,16800,17360,17920,18457,18457,20431,23539.5,20950,0,0,0,0,0,0,0,0,0,0,0,0,0,0,0,0,0,0,85,100,150,30,57,572,790,790,425,580,580,710,770,770,770,798,1565,1530,1530,1530,1600,1600,1605,1605,1655,2180,1710,0,0,0,0,0,0,0,0,0,0,0,0,0,0,0,0,0,0,5,5,5,2,57,Rukum,770.98,558.23,558.23,732.76,732.76,732.76,907.04,835.06,835.06,836.36,906.27,9483.07,9673.2,10980.39,10980.39,16110,11200,11499.69,11499.69,12345.02,10797.94,12251.46,0,0,0,0,0,0,0,0,0,0,0,0,0,0,0,0,0,0,17000,20000,30000,15000
58,Rolpa,70,70,70,60,60,102,259,271,271,271,278.5,12800,12800,16500,13515,15515,21360,20670,20670,19929,19930,22930,0,0,0,0,0,0,0,0,0,0,0,0,0,0,0,0,0,0,233,300,520,0,58,110,110,110,60,115,118,305,332,332,332,337.5,1470,1501,1501,1500,1500,1780,1782,1782,1797,1797,1797,0,0,0,0,0,0,0,0,0,0,0,0,0,0,0,0,0,0,15,15,15,0,58,Rolpa,636.36,636.36,636.36,521.74,521.74,864.41,849.18,816.27,816.27,816.27,825.19,8707.48,8527.65,10992.67,9010,10343.33,12000,11599.33,11599.33,11090.15,11090.71,12760.16,0,0,0,0,0,0,0,0,0,0,0,0,0,0,0,0,0,0,15533.33,20000,34666.67,0
59,Pyuthan,650,450,450,428,575,670,720,1029,1127,861,1075.5,7700,8692,8692,7114,8500,12000,12130,12130,13395,12309,14691,0,0,0,0,0,0,0,0,0,0,0,0,0,0,0,0,0,0,310,495,695,0,59,655,655,655,428,690,690,735,801,953,799,830,840,820,820,750,750,830,880,880,890,890,894,0,0,0,0,0,0,0,0,0,0,0,0,0,0,0,0,0,0,22,22,22,0,59,Pyuthan,992.37,687.02,687.02,620.29,833.33,971.01,979.59,1284.64,1182.58,1077.6,1295.78,9166.67,10600,10600,9485.33,11333.33,14457.83,13784.09,13784.09,15050.56,13830.34,16432.89,0,0,0,0,0,0,0,0,0,0,0,0,0,0,0,0,0,0,14090.91,22500,31590.91,0
60,Dang,10545,10545,10100,11190,11890,11970,12976,14754,17025.1,17930,19020,20961,20961,24375,21000,26826,26826,26230,30500,28500,25864,28500,4,4,4,4,4,4,3.9,0,6,0,0,13500,13500,13500,13500,13500,13000,14314.3,480,1000,975,26400,60,18500,15050,15050,11190,18510,18515,19015,19518,19515,19648,18828,1950,2000,1950,2000,2110,2152,2150,2160,2200,2120,2120,5,5,5,5,5,5,4.85,0,10,0,0,300,300,300,300,300,300,314.97,40,40,25,2200,60,Dang,570,700.66,671.1,604.86,642.36,646.5,682.41,755.92,872.41,912.56,1010.2,10749.23,10480.5,12500,10500,12713.74,12465.61,12200,14120.37,12954.55,12200,13443.4,800,800,800,800,800,800,805.78,0,0,0,0,45000,45000,45000,45000,45000,43333.33,45446.55,12000,25000,39000,12000
61,Salyan,660,600,600,600,700,579,678,822,832,884,1021.22,8500,8534,12534,16875,18475,14206.5,7180,7600,8910,9638.5,11685,0,0,0,0,0,0,0,0,0,0,0,0,0,0,0,0,0,0,199,350,470,0,61,655,710,710,600,785,850,1025,1085,1092,1092,1169,990,1180,1180,1350,1405,1435,730,730,860,1000,1000,0,0,0,0,0,0,0,0,0,0,0,0,0,0,0,0,0,0,12,12,12,0,61,Salyan,1007.63,845.07,845.07,845.07,891.72,681.18,661.46,757.6,761.9,809.52,873.58,8585.86,7232.2,10622.03,12500,13149.47,9900,9835.62,10410.96,10360.47,9638.5,11685,0,0,0,0,0,0,0,0,0,0,0,0,0,0,0,0,0,0,16583.33,29166.67,39166.67,0
62,Jajarkot,270,232,232,232,250,250,534,585,769.4,719,907.5,5210,5565,6562,5540,7630,5306,6581.25,6590,9211,9211,7116,0,0,0,0,0,0,0,0,0,0,36,0,0,0,0,0,0,0,188,250,250,19.5,62,280,285,285,232,295,295,1033,1069,1167,1167,1200,610,615,615,615,650,615,675,675,625,625,663,0,0,0,0,0,0,0,0,0,0,6,0,0,0,0,0,0,0,10,10,10,3,62,Jajarkot,964.29,814.04,814.04,814.04,847.46,847.46,516.94,547.24,659.3,616.11,756.25,8540.98,9048.78,10669.92,9008.13,11738.46,8627.64,9750,9762.96,14737.6,14737.6,10733.03,0,0,0,0,0,0,0,0,0,0,6000,0,0,0,0,0,0,0,18800,25000,25000,6500
63,Dailekh,684,600,600,579,406,300,723,744,744,648,748,4070,4070,5320,5890,7890,23017,24313,24313,20320,19724,22724,0,0,0,0,0,0,0,0,0,0,0,0,0,0,0,0,0,0,295,750,900,0,63,695,695,695,579,700,763,804,804,804,804,806,515,522,522,588,588,1585,1625,1625,1600,1600,1600,0,0,0,0,0,0,0,0,0,0,0,0,0,0,0,0,0,0,25,25,21,0,63,Dailekh,984.17,863.31,863.31,825.96,580,393.18,899.25,925.37,925.37,805.97,928.04,7902.91,7796.93,10191.57,10017.01,13418.37,14521.77,14961.85,14961.85,12700,12327.5,14202.5,0,0,0,0,0,0,0,0,0,0,0,0,0,0,0,0,0,0,11800,30000,42857.14,0
64,Surkhet,2516,2516,2500,2905,2771,3550,3808,3808,3375,3127,3803.85,9681,9681,12225,11153,10929,17713,19359,19359,22502,22502,22502,0,0,0,0,0,0,0,0,0,0,0,0,0,0,0,0,0,0,392,725,930,0,64,3400,3400,3400,2905,3725,3950,4200,4200,4071,4064,4255,859,1026,1015,750,752,1072,1095,1095,1177,1177,1177,0,0,0,0,0,0,0,0,0,0,0,0,0,0,0,0,0,0,35,35,35,0,64,Surkhet,740,740,735.29,779.87,743.89,898.73,906.67,906.67,829.03,769.44,893.97,11270.08,9435.67,12044.33,14870.67,14533.24,16523.32,17679.45,17679.45,19118.1,19118.1,19118.1,0,0,0,0,0,0,0,0,0,0,0,0,0,0,0,0,0,0,11200,20714.29,26571.43,0
65,Banke,5271,3271,3050,3848,3908,3560,7505,8449,9176.5,10915,12305,22235,18500,23700,24050,31150,32409,30125,30125,35380,35380,35380,40,40,40,40,40,35,34.16,0,0,0,0,0,1500,1500,1500,1500,1600,1761.76,1295,2220,2736,2166,65,8368,4900,4900,3848,6450,6500,9089,9433,10212,12758,9916,1950,1950,2134,2351,2351,2398,2410,2400,2365,2365,2365,50,50,50,50,50,45,43.61,0,0,0,0,0,50,50,50,50,50,52.5,35,55,57,57,65,Banke,629.9,667.55,622.45,599.94,605.89,547.69,825.72,895.69,898.6,855.54,1240.92,11402.56,9487.18,11105.9,10229.69,13249.68,13515.01,12500,12552.08,14959.83,14959.83,14959.83,800,800,800,800,800,777.78,783.4,0,0,0,0,0,30000,30000,30000,30000,32000,33560.53,37000,40363.64,48000,38000
66,Bardiya,7305,7305,7200,8326,8900,9055,9295,8068,9380,9569,10454.05,18498,18498,25250,25400,45175,47001,47066.21,47066,56000,58000,56300,25,25,25,25,25,25,24.4,0,0,0,0,78994,78994,81600,81600,81600,68170,75061.99,5250,10250,12000,6150,66,9500,9850,9850,8326,9050,9100,9300,10075,10375,10595,10700,1850,1900,2000,2165,2550,2601,2603,2604,4000,4000,4100,30,30,30,30,30,30,29.07,0,0,0,0,2450,2450,2400,2400,2400,2065,2168.04,250,250,250,300,66,Bardiya,768.95,741.62,730.96,920,983.43,995.05,999.46,800.79,904.1,903.16,977.01,9998.92,9735.79,12625,11732.1,17715.69,18070.36,18081.53,18074.5,14000,14500,13731.71,833.33,833.33,833.33,833.33,833.33,833.33,839.35,0,0,0,0,32242.45,32242.45,34000,34000,34000,33012.11,34621.99,21000,41000,48000,20500
67,Bajura,189,90,200,200,200,77,184.1,193,245,248,252.9,4328,4130,4130,4130,4130,4171,7050,7050,7050,7050,7250,0,0,0,0,0,0,0,0,6,6,50,138,138,1962,1962,1962,710,781.78,3102,4000,3500,220,67,332,150,333,200,333,338,323,338,435,437,447,541,500,500,500,500,500,725,725,725,725,725,0,0,0,0,0,0,0,0,5,5,5,10,10,140,140,140,40,42,141,141,114,10,67,Bajura,569.28,600,600.6,600.6,600.6,227.81,569.97,571.01,563.22,567.51,565.77,8000,8260,8260,8260,8260,8342,9724.14,9724.14,9724.14,9724.14,10000,0,0,0,0,0,0,0,0,1200,1200,10000,13800,13800,14014.29,14014.29,14014.29,17750,18615.61,22000,28368.79,30701.75,22000
68,Achham,315,109,109,109,109,109,1162,1129,1129,993,1207.84,6160,4484,4484,4484,4484,5878,5620,6300,3980,3600,3729,0,0,0,0,0,0,0,0,0,0,0,0,0,0,0,0,0,0,15,0,0,0,68,330,226,226,109,226,226,1276,1276,1276,1260,1287,660,425,425,425,425,513,520,550,400,400,406,0,0,0,0,0,0,0,0,0,0,0,0,0,0,0,0,0,0,1,0,0,0,68,Achham,954.55,482.3,482.3,482.3,482.3,482.3,910.66,884.8,884.8,788.1,938.49,9333.33,10550.59,10550.59,10550.59,10550.59,11458.09,10807.69,11454.55,9950,9000,9184.73,0,0,0,0,0,0,0,0,0,0,0,0,0,0,0,0,0,0,15000,0,0,0
69,Bajhang,170,72,72,54,54,24,48,48,224,224,98,6660,6205,7200,7200,7200,7272,9789,9789,9682,9682,11682,0,0,0,0,0,0,0,0,0,0,0,500,500,500,450,450,450,495.5,122,380,385,16320,69,240,200,200,54,120,120,150,150,250,250,170,930,940,940,940,940,950,955,955,1030,1030,1030,0,0,0,0,0,0,0,0,0,0,0,30,30,30,30,30,30,31.5,11,15,15,240,69,Bajhang,708.33,360,360,450,450,200,320,320,896,896,576.47,7161.29,6601.06,7659.57,7659.57,7659.57,7654.74,10250.26,10250.26,9400,9400,11341.75,0,0,0,0,0,0,0,0,0,0,0,16666.67,16666.67,16666.67,15000,15000,15000,15731.5,11090.91,25333.33,25666.67,68000
70,Doti,412,300,400,365,365,403,753,534,590,705,746,6720,8700,10500,12700,12700,11418,11840,11840,11840,32550,37950,0,0,0,0,0,0,0,0,0,1,0,217,217,540,290,290,290,319.32,420,525,516,0,70,512,500,500,365,505,500,830,658,693,819,758,860,970,1050,1125,1125,1095,1150,1140,2400,2400,2850,0,0,0,0,0,0,0,0,0,2,0,15,15,15,14,14,14,14.7,12,15,15,0,70,Doti,804.69,600,800,722.77,722.77,806,907.23,811.55,851.37,860.81,984.17,7813.95,8969.07,10000,11288.89,11288.89,10427.4,10295.65,10385.96,13562.5,13562.5,13315.79,0,0,0,0,0,0,0,0,0,500,0,14466.67,14466.67,36000,20714.29,20714.29,20714.29,21724.45,35000,35000,34400,0
71,Kailali,14443,16958,14900,14200,14200,14385,14000,14745,16745,18734,15118.65,25740,33000,35900,36500,39445,108000,108000,95000,75000,89600,99600,0,10,10,10,10,10,9.76,9.76,0,0,0,132160,132000,132000,132000,122000,90526,8225,9225,9225,9835,9835,71,23175,22695,20150,14200,20000,20450,20000,21100,21100,21345,22005,2325,2500,2500,2900,2545,6000,6000,5800,5000,6200,6200,0,15,15,15,15,15,14.54,14.54,0,0,0,2800,2800,2810,2810,2750,2350,205,205,205,235,235,71,Kailali,623.21,747.21,739.45,704.71,710,703.42,700,698.82,793.6,877.68,687.06,11070.97,13200,14360,12586.21,15499.02,18000,18000,16379.31,15000,14451.61,16064.52,0,666.67,666.67,666.67,666.67,666.67,671.48,671.48,0,0,0,47200,47142.86,46975.09,46975.09,44363.64,38521.7,40400.27,45000,45000,41851.06,41851
72,Darchula,84,84,84,65,65,67,55.6,112,112,112,112,7038,7000,7300,6850,6850,9216,9216,9216,9215,7800,7800,0,0,0,0,0,0,0,0,0,0,0,650,650,650,495,495,495,545.04,992,992,1203,0,72,150,150,150,65,126,154,140,140,140,140,140,940,940,940,865,865,716,716,716,716,600,600,0,0,0,0,0,0,0,0,0,0,0,50,50,50,32,32,32,33.6,31,31,30,0,72,Darchula,560,560,560,515.87,515.87,435.06,397.14,800,800,800,800,7487.23,7446.81,7765.96,7919.08,7919.08,12871.51,12871.51,12871.51,12870.11,13000,13000,0,0,0,0,0,0,0,0,0,0,0,13000,13000,13000,15468.75,15468.75,15468.75,16223.11,32000,32000,40100,0
73,Baitadi,150,175,175,175,175,170,102,142,250,187,350.5,5300,5540,6840,6840,6840,7975,9130,9130,16441,10350,10350,0,0,0,0,0,0,0,0,0,0,0,0,0,0,0,0,0,0,4800,11850,6405,4800,73,250,250,250,175,250,250,255,290,335,335,555,625,640,640,640,640,725,830,830,680,830,830,0,0,0,0,0,0,0,0,0,0,0,0,0,0,0,0,0,0,300,300,250,300,73,Baitadi,600,700,700,700,700,680,400,489.66,746.27,558.21,631.53,8480,8656.25,10687.5,10687.5,10687.5,11000,11000,11000,11000,12469.88,12469.88,0,0,0,0,0,0,0,0,0,0,0,0,0,0,0,0,0,0,16000,16000,25620,16000
74,Dadeldhura,380,337,337,337,353,250,255.95,350,395,350,500,4344,4250,4450,4300,6630,1800,4700,5300,11750,12880,11005,0,0,0,0,0,0,0,0,0,0,0,0,0,0,0,0,0,0,105,0,0,0,74,500,600,600,337,505,500,501,507,507,507,500,428,425,425,425,442,442,450,450,800,800,800,0,0,0,0,0,0,0,0,0,0,0,0,0,0,0,0,0,0,5,0,0,0,74,Dadeldhura,760,561.67,561.67,561.67,699.01,500,510.88,690.34,779.09,690.34,1000,10149.53,10000,10470.59,10117.65,15000,4072.4,10444.44,11777.78,14687.5,16100,13756.25,0,0,0,0,0,0,0,0,0,0,0,0,0,0,0,0,0,0,21000,0,0,0
75,Kanchanpur,5440,5789,5580,4770.5,4770.5,4412,5225,5102,5192,5183,6741,16445,17400,18400,18500,18500,19565,19565,19565,19750,25440,27555,0,0,0,0,0,0,0,0,0,0,0,145817,142800,143000,165575,155575,139100,153163.01,92720,99000,139300,225000,75,6800,7270,7270,4770.5,6815,6532,6532,6342,6342,6345,6935,1430,1450,1450,1515,1515,1445,1445,1445,1476,1590,1670,0,0,0,0,0,0,0,0,0,0,0,3441,3400,3400,3880,3760,3412,3582.26,2440,2440,3095,5000,75,Kanchanpur,800,796.29,767.54,700,700,675.44,799.91,804.48,818.67,816.86,972.03,11500,12000,12689.66,12211.22,12211.22,13539.79,13539.79,13539.79,13380.76,16000,16500,0,0,0,0,0,0,0,0,0,0,0,42376.34,42000,42058.82,42673.97,41376.33,40767.88,42755.99,38000,40573.77,45008.08,45000
